step,phase,round,epoch,loss_total,loss_mi,loss_pairwise,h_y_given_x,h_y,active_argmax,active_mass,mean_max_prob,n_pairs,same_class_pair_frac,nmi,acc,ari,ilp_beta,ilp_n_tags,seconds
21,pretrain,0,1,-1.353401,-1.353735,0.000334,2.707011,2.707164,15,15,0.0676,2615,0.6122,0.3225,0.3453,0.2079,,64,1.5
42,pretrain,0,2,-1.354097,-1.354256,0.000159,2.707808,2.708043,14,15,0.0731,2615,0.6325,0.4823,0.4706,0.2971,,64,1.7
63,pretrain,0,3,-1.383413,-1.535946,0.152533,2.513458,2.699602,8,15,0.1424,2615,0.6176,0.3867,0.3037,0.1069,,64,1.9
84,pretrain,0,4,-1.466887,-1.749538,0.282651,2.276936,2.684316,13,15,0.1731,2615,0.626,0.5651,0.5034,0.4066,,64,2.0
105,pretrain,0,5,-1.656192,-2.01498,0.358788,2.000876,2.677237,15,15,0.2174,2615,0.6107,0.5721,0.5406,0.3865,,64,2.2
126,pretrain,0,6,-1.780204,-2.133901,0.353697,1.889417,2.682212,15,15,0.2455,2615,0.6272,0.6479,0.6153,0.5089,,64,2.4
147,pretrain,0,7,-1.870362,-2.171591,0.301228,1.811218,2.655206,13,15,0.3289,2615,0.6229,0.6753,0.6113,0.5408,,64,2.5
168,pretrain,0,8,-2.064452,-2.574047,0.509596,1.436515,2.673708,15,15,0.4288,2615,0.6249,0.6817,0.6481,0.569,,64,2.7
189,pretrain,0,9,-2.201808,-2.75048,0.548671,1.240657,2.660758,15,15,0.4739,2615,0.6256,0.6932,0.6396,0.5529,,64,2.8
210,pretrain,0,10,-2.365451,-2.871897,0.506446,1.11595,2.658565,14,15,0.4715,2615,0.6153,0.7072,0.6618,0.522,,64,3.0
231,round,1,1,-2.450043,-2.876623,0.42658,1.125199,2.667881,15,15,0.4959,2615,0.6195,0.7065,0.6552,0.552,,64,3.1
252,round,1,2,-2.535765,-2.958129,0.422365,1.035812,2.662627,15,15,0.5029,2615,0.6195,0.6854,0.5768,0.5121,,64,3.3
273,round,2,1,-2.553497,-2.978507,0.42501,1.014806,2.662209,15,15,0.5056,2615,0.6088,0.7052,0.651,0.5507,,64,3.5
294,round,2,2,-2.584866,-2.999623,0.414757,0.992657,2.66152,15,15,0.5217,2615,0.6076,0.6976,0.5978,0.5013,,64,3.6
315,round,3,1,-2.637062,-3.034693,0.397631,0.952293,2.657991,15,15,0.5441,2615,0.6168,0.6899,0.6329,0.5329,,64,3.8
336,round,3,2,-2.630857,-3.061469,0.430612,0.928581,2.660033,15,15,0.5511,2615,0.6222,0.7018,0.6899,0.5808,,64,3.9
357,round,4,1,-2.669632,-3.112264,0.442633,0.876272,2.659024,15,15,0.5573,2615,0.6214,0.6808,0.609,0.5156,,64,4.1
378,round,4,2,-2.662193,-3.101273,0.43908,0.89616,2.664955,15,15,0.5539,2615,0.6195,0.6731,0.6024,0.4968,,64,4.3
399,round,5,1,-2.72122,-3.144628,0.423408,0.844671,2.659533,15,15,0.5953,2615,0.6302,0.6887,0.6107,0.5176,,64,4.5
420,round,5,2,-2.716251,-3.141047,0.424796,0.846226,2.658182,15,15,0.5841,2615,0.6191,0.6916,0.6662,0.5512,,64,4.7
441,round,6,1,-2.70967,-3.180152,0.470483,0.809018,2.659446,15,15,0.5961,2615,0.6344,0.7031,0.6639,0.5557,,64,4.9
462,round,6,2,-2.737704,-3.149888,0.412184,0.830084,2.653315,15,15,0.59,2615,0.6103,0.6833,0.6317,0.523,,64,5.1
483,round,7,1,-2.802516,-3.198004,0.395488,0.786487,2.656327,15,15,0.6148,2615,0.6356,0.6944,0.6175,0.5238,,64,5.4
504,round,7,2,-2.78235,-3.203532,0.421182,0.77962,2.655435,15,15,0.5959,2615,0.6199,0.6698,0.5859,0.4778,,64,5.6
525,round,8,1,-2.778805,-3.18866,0.409855,0.784955,2.649077,15,15,0.6222,2615,0.6252,0.69,0.6076,0.4995,,64,5.8
546,round,8,2,-2.799366,-3.20043,0.401063,0.78292,2.655567,15,15,0.6136,2615,0.6195,0.6892,0.6101,0.5164,,64,6.0
567,round,9,1,-2.839368,-3.229713,0.390345,0.75587,2.657055,15,15,0.6201,2615,0.6371,0.6856,0.6415,0.5188,,64,6.2
588,round,9,2,-2.854344,-3.228883,0.37454,0.755264,2.656098,15,15,0.6301,2615,0.6275,0.6819,0.6192,0.4934,,64,6.4
609,round,10,1,-2.852462,-3.239343,0.386881,0.741357,2.6538,15,15,0.6358,2615,0.6371,0.7015,0.6839,0.5921,,64,6.7
630,round,10,2,-2.910306,-3.258503,0.348197,0.723593,2.654731,15,15,0.6402,2615,0.6249,0.6908,0.687,0.5898,,64,6.9
651,round,11,1,-2.902224,-3.276834,0.374611,0.694862,2.647798,15,15,0.6429,2615,0.6436,0.692,0.6254,0.5193,,64,7.1
672,round,11,2,-2.8745,-3.266398,0.391898,0.707718,2.649411,15,15,0.6564,2615,0.6386,0.6925,0.6637,0.5657,,64,7.3
693,round,12,1,-2.885763,-3.284662,0.398899,0.686178,2.647227,15,15,0.6436,2615,0.6333,0.6759,0.6263,0.5071,,64,7.5
714,round,12,2,-2.909562,-3.26051,0.350948,0.700712,2.640815,15,15,0.6601,2615,0.634,0.6924,0.6631,0.5652,,64,7.7
735,round,13,1,-2.884755,-3.263155,0.3784,0.682944,2.630733,15,15,0.6508,2615,0.6218,0.6891,0.6336,0.5256,,64,7.9
756,round,13,2,-2.952856,-3.304936,0.35208,0.646917,2.634569,15,15,0.6706,2615,0.6486,0.677,0.5916,0.4812,,64,8.1
777,round,14,1,-2.919352,-3.289936,0.370585,0.657173,2.631406,15,15,0.6704,2615,0.6337,0.6808,0.6236,0.5144,,64,8.3
798,round,14,2,-2.913469,-3.296592,0.383123,0.648155,2.629831,15,15,0.6733,2615,0.6447,0.6846,0.6225,0.5168,,64,8.6
819,round,15,1,-2.909366,-3.299366,0.39,0.635031,2.622931,15,15,0.6846,2615,0.6356,0.6746,0.6001,0.4917,,64,8.8
840,round,15,2,-2.928744,-3.294603,0.365859,0.630362,2.616644,15,15,0.6775,2615,0.6245,0.6763,0.6317,0.5208,,64,9.0
861,round,16,1,-2.90653,-3.28045,0.37392,0.643987,2.616291,15,15,0.6667,2615,0.621,0.6743,0.586,0.4881,,64,9.2
882,round,16,2,-2.90954,-3.299876,0.390336,0.62807,2.618631,15,15,0.6801,2615,0.6264,0.682,0.6421,0.524,,64,9.4
903,round,17,1,-2.882114,-3.281414,0.3993,0.641404,2.615212,15,15,0.6783,2615,0.6264,0.6932,0.6302,0.529,,64,9.6
924,round,17,2,-2.914241,-3.307497,0.393256,0.61666,2.616105,15,15,0.694,2615,0.6302,0.675,0.6196,0.5017,,64,9.8
945,round,18,1,-2.909125,-3.292511,0.383386,0.629312,2.614548,15,15,0.691,2615,0.6207,0.6892,0.6177,0.5052,,64,10.0
966,round,18,2,-2.956359,-3.323434,0.367074,0.596945,2.613586,15,15,0.6927,2615,0.6249,0.6851,0.6348,0.5324,,64,10.2
987,round,19,1,-2.975611,-3.326457,0.350846,0.600035,2.617661,15,15,0.7176,2615,0.6459,0.6921,0.6286,0.5381,,64,10.4
1008,round,19,2,-3.006569,-3.335507,0.328937,0.583535,2.612695,15,15,0.7024,2615,0.6233,0.6976,0.6556,0.5461,,64,10.6
1029,round,20,1,-2.995065,-3.33835,0.343285,0.578564,2.611276,15,15,0.7288,2615,0.6191,0.6851,0.6468,0.5497,,64,10.8
1050,round,20,2,-2.943911,-3.321037,0.377126,0.585047,2.604056,15,15,0.7071,2615,0.6302,0.694,0.6774,0.556,,64,11.0
